{
  "generate_rulegraphs.sh": 1775930847.7041233,
  "rules/augustus_predict/run_augustus_hints.smk": 1776259137.8474934,
  "rules/augustus_predict/run_augustus_hints_iter2.smk": 1776259157.601495,
  "rules/augustus_training/compute_flanking_region.smk": 1775541366.4568923,
  "rules/augustus_training/convert_to_genbank.smk": 1775815270.4350932,
  "rules/augustus_training/copy_augustus_config.smk": 1775541370.3218925,
  "rules/augustus_training/copy_hints_files.smk": 1775762216.6912632,
  "rules/augustus_training/create_new_species.smk": 1775541382.8288937,
  "rules/augustus_training/downsample_training_genes.smk": 1775887556.603424,
  "rules/augustus_training/filter_genes_etraining.smk": 1775816863.6552293,
  "rules/augustus_training/optimize_augustus.smk": 1776058534.4761062,
  "rules/augustus_training/split_training_set.smk": 1775887490.8974185,
  "rules/augustus_training/train_augustus.smk": 1775887490.8974185,
  "rules/common.smk": 1776166652.3612497,
  "rules/genemark/bam2hints.smk": 1775887490.8914185,
  "rules/genemark/check_bam_sorted.smk": 1775767579.7757215,
  "rules/genemark/filter_genemark.smk": 1775887490.8924186,
  "rules/genemark/filter_introns.smk": 1775887490.8924186,
  "rules/genemark/join_hints.smk": 1775767579.8047216,
  "rules/genemark/merge_dual_etp.smk": 1775909858.6453297,
  "rules/genemark/prepare_genemark_hints_ep.smk": 1775886997.3553762,
  "rules/genemark/run_genemark_ep.smk": 1775887490.8904185,
  "rules/genemark/run_genemark_es.smk": 1775887490.8914185,
  "rules/genemark/run_genemark_et.smk": 1775887490.8934186,
  "rules/genemark/run_genemark_etp.smk": 1775919996.956196,
  "rules/genemark/run_genemark_etp_isoseq.smk": 1776227161.003773,
  "rules/genemark/run_prothint.smk": 1775887490.8904185,
  "rules/genemark/run_prothint_iter2.smk": 1775887490.8944185,
  "rules/ncrna/merge_ncrna.smk": 1775887490.8994186,
  "rules/ncrna/run_barrnap.smk": 1775887490.8994186,
  "rules/ncrna/run_feelnc.smk": 1775887547.5994234,
  "rules/ncrna/run_infernal.smk": 1776109455.5314317,
  "rules/ncrna/run_trnascan.smk": 1775887490.8984184,
  "rules/postprocessing/add_utr.smk": 1775887490.9004185,
  "rules/postprocessing/best_by_compleasm.smk": 1775887507.37942,
  "rules/postprocessing/both_agree_rescue.smk": 1776058659.9881167,
  "rules/postprocessing/collect_results.smk": 1776189684.6255705,
  "rules/postprocessing/convert_to_gff3.smk": 1775887490.9014184,
  "rules/postprocessing/extract_hc_training_genes.smk": 1775752743.8414538,
  "rules/postprocessing/filter_stop_codons.smk": 1776058659.989117,
  "rules/postprocessing/fix_in_frame_stop_codons.smk": 1775823048.3567576,
  "rules/postprocessing/merge_hints.smk": 1775901560.4446208,
  "rules/postprocessing/normalize_cds.smk": 1775887490.9024186,
  "rules/postprocessing/postprocess_augustus.smk": 1775887020.2193782,
  "rules/postprocessing/redundancy_removal.smk": 1775887490.9004185,
  "rules/postprocessing/run_fantasia.smk": 1776233108.119281,
  "rules/postprocessing/run_tsebra.smk": 1775896001.6261458,
  "rules/preprocessing/check_isoseq_bam.smk": 1775767579.7337215,
  "rules/preprocessing/download_sra.smk": 1775887490.9034185,
  "rules/preprocessing/hisat2_align.smk": 1775887490.9034185,
  "rules/preprocessing/merge_proteins.smk": 1775767579.7467215,
  "rules/preprocessing/minimap2_isoseq_align.smk": 1776149667.2550187,
  "rules/preprocessing/prepare_genome.smk": 1775763357.0903606,
  "rules/preprocessing/run_masking.smk": 1775887490.9034185,
  "rules/preprocessing/run_minisplice.smk": 1776149885.1850374,
  "rules/preprocessing/run_red_masking.smk": 1776166643.949249,
  "rules/preprocessing/run_varus.smk": 1775887490.9024186,
  "rules/quality_control/cleanup.smk": 1775541483.2689023,
  "rules/quality_control/gene_support.smk": 1775887490.8944185,
  "rules/quality_control/run_busco.smk": 1776189665.507569,
  "rules/quality_control/run_compleasm.smk": 1776184221.2821038,
  "rules/quality_control/run_gffcompare.smk": 1776008039.8127913,
  "rules/quality_control/run_omark.smk": 1776236288.640553,
  "scripts/analyze_hint_support.py": 1775308908.5755737,
  "scripts/best_by_compleasm.py": 1776227564.7248075,
  "scripts/both_agree_rescue.py": 1776058659.989117,
  "scripts/compleasm_to_hints.py": 1775753449.4035141,
  "scripts/completeness_plot.py": 1775766431.5566235,
  "scripts/download_orthodb.sh": 1775802370.9289908,
  "scripts/fantasia_decorate_gff3.py": 1775929732.846028,
  "scripts/fantasia_summary.py": 1775930076.6180575,
  "scripts/fix_in_frame_stop_codon_genes.py": 1775308908.5765736,
  "scripts/gene_set_statistics.py": 1775884959.4432023,
  "scripts/gene_support_summary.py": 1775463389.8762293,
  "scripts/generate_report.py": 1776189704.4005723,
  "scripts/getAnnoFastaFromJoingenes.py": 1775488151.706345,
  "scripts/infernal_to_gff3.py": 1775755113.6706562,
  "scripts/normalize_gtf.py": 1775922235.5503874,
  "scripts/parseTrfOutput.py": 1775621854.01581,
  "scripts/report_citations.sh": 1776167064.6072848,
  "scripts/run_varus_wrapper.sh": 1775624332.5650218,
  "scripts/splitMfasta.pl": 1775621587.4647872,
  "scripts/stringtie2utr.py": 1775466393.3314857,
  "scripts/training_summary.py": 1775799610.190755,
  "test_data/download_test_data.sh": 1775931252.7431579,
  "test_scenarios/clean_all.sh": 1775805439.727253,
  "test_scenarios/compute_profile.sh": 1775885908.0402832,
  "test_scenarios/run_all_tests.sh": 1775888328.7534902,
  "test_scenarios/scenario_08_es/run_test.sh": 1775886093.0442991,
  "test_scenarios/scenario_08_es/scenario_overrides.sh": 1775924275.6385617,
  "test_scenarios/scenario_09_ep_masking/run_test.sh": 1775886101.5092998,
  "test_scenarios/scenario_09_ep_masking/scenario_overrides.sh": 1775885946.8482866,
  "test_scenarios/scenario_10_et_varus/run_test.sh": 1775886148.1013038,
  "test_scenarios/scenario_10_et_varus/scenario_overrides.sh": 1775885949.0162868,
  "test_scenarios/scenario_11_etp_sra/run_test.sh": 1775886119.6253014,
  "test_scenarios/scenario_11_etp_sra/scenario_overrides.sh": 1775885951.399287,
  "test_scenarios/scenario_12_multi_mode/run_test.sh": 1775886128.869302,
  "test_scenarios/scenario_12_multi_mode/scenario_overrides.sh": 1775885953.0482872,
  "test_scenarios_local/clean_all.sh": 1775497060.5371063,
  "test_scenarios_local/compute_profile.sh": 1775885921.8892844,
  "test_scenarios_local/run_all_local.sh": 1775931262.6451588,
  "test_scenarios_local/scenario_01_es/run_test.sh": 1775886175.1903062,
  "test_scenarios_local/scenario_01_es/scenario_overrides.sh": 1775885955.4592874,
  "test_scenarios_local/scenario_02_ep/run_test.sh": 1775886182.8933067,
  "test_scenarios_local/scenario_02_ep/scenario_overrides.sh": 1775885956.4882874,
  "test_scenarios_local/scenario_03_et_fastq/run_test.sh": 1775886190.1873074,
  "test_scenarios_local/scenario_03_et_fastq/scenario_overrides.sh": 1775885957.9752874,
  "test_scenarios_local/scenario_04_etp_bam/run_test.sh": 1775886199.4003081,
  "test_scenarios_local/scenario_05_isoseq_bam/run_test.sh": 1775886208.477309,
  "test_scenarios_local/scenario_06_isoseq_fastq/run_test.sh": 1775894382.2480073,
  "test_scenarios_local/scenario_07_dual/run_test.sh": 1775886226.2973104,
  "test_scenarios_local/scenario_08_ep_redmask/run_test.sh": 1776167603.052331,
  "test_scenarios_local/scenario_08_ep_redmask/scenario_overrides.sh": 1776167597.0693305,
  ".gitignore": 1776498759.0468168,
  "LICENSE": 1775308908.5705736,
  "MIGRATING_FROM_BRAKER3.md": 1775922603.1394188,
  "README.md": 1776275994.2469053,
  "Snakefile": 1776312906.6990938,
  "containers/minisplice_minimap2/Dockerfile": 1776152905.450055,
  "img/pipeline_overview.dot": 1776166723.2882557,
  "profiles/slurm/config.yaml": 1775473583.5361001,
  "requirements.txt": 1776242298.0340545,
  "samples.csv": 1775894306.0940008,
  "test_data/README.md": 1775498038.94919,
  "test_data/RNAseq.hints": 1775316735.5092425,
  "test_data/genome.fa": 1775308908.5865736,
  "test_data/isoseq.bam": 1775393838.5388157,
  "test_data/isoseq.fastq.gz": 1775405264.5717921,